cell,text,link
F2,COMPROVANTE 1,https://drive.google.com/file/d/1nMT_hZdqpUIO1H0-jfNbFdpq8za3APFS/view?usp=drivesdk
H2,COMPROVANTE 8,https://drive.google.com/file/d/1wQWMwppODpQJ-vntHCRO5uZJID7Vc6rB/view?usp=drivesdk
J2,COMPROVANTE 21,https://drive.google.com/file/d/1-0T24-LDL2DLetvR8-_GRflpZZuJc7I0/view?usp=drivesdk
H3,COMPROVANTE 9,https://drive.google.com/file/d/1mHNMSYt4PJV0ehKGVReWWLPtHALc-vNN/view?usp=drivesdk
J3,COMPROVANTE 22,https://drive.google.com/file/d/1NKJgBbhZbIidEOwpoL1v_4rzJzxOGM6o/view?usp=drivesdk
H4,COMPROVANTE 10,https://drive.google.com/file/d/1QggSsVl_7V_H4IGIl7KG0fcWZC5vpVVb/view?usp=drivesdk
J4,COMPROVANTE 23,https://drive.google.com/file/d/19FeXUkZeZ8JgzQNuqpViWssseyhx7SPZ/view?usp=drivesdk
H5,COMPROVANTE 11,https://drive.google.com/file/d/1DVxM3KN3R8E25kUxD0Mz-lyN09pNMqjh/view?usp=drivesdk
J5,COMPROVANTE 24,https://drive.google.com/file/d/1iibogKYpzFrXi5tm5FFVrMwaZs7kg0im/view?usp=drivesdk
H6,COMPROVANTE 12,https://drive.google.com/file/d/1aZueee-tcwJnOY2n8wHYnld_nkHe5-i4/view?usp=drivesdk
J6,COMPROVANTE 25,https://drive.google.com/file/d/1pdaS2HCQy6fqDM2AZwiN91ZIf9JgzcuJ/view?usp=drive_link
H7,COMPROVANTE 13,https://drive.google.com/file/d/10hQxz29GGGGjhpQctMse81PPtq6kBzxa/view?usp=drivesdk
J7,COMPROVANTE 26,https://drive.google.com/file/d/1dhUcB3Cn6FPDuJNNocaLyWVdnhyUSrWJ/view?usp=drive_link
J8,COMPROVANTE 27,https://drive.google.com/file/d/1iUh03iCkSBvC10XuKqyWxbszR4LE0RBu/view?usp=drive_link
J9,COMPROVANTE 28,https://drive.google.com/file/d/14ukimLMwSEl9GRlsPQlXqzp2gKFTYybo/view?usp=drive_link
J10,COMPROVANTE 29,https://drive.google.com/file/d/1C3HGkuPMvT8iLCg4TGnrtpqbb2pDFhrz/view?usp=drive_link
J11,COMPROVANTE 30,https://drive.google.com/file/d/1XnMduqwKxSEq3MCJ2pyrgxiLrG6SFl-1/view?usp=drive_link
J12,COMPROVANTE 31,https://drive.google.com/file/d/1po2zhZC0DnQ3l5TH1BPiqRtG_8TJs1Am/view?usp=drive_link
J13,COMPROVANTE 32,https://drive.google.com/file/d/1R9vfrBC5o88k_dRG0WvQu1sblc_aQuXW/view?usp=drive_link
F14,COMPROVANTE 2,https://drive.google.com/file/d/1ebCNPaxR1O9yeBdVOd75tabNtHeI9LSm/view?usp=drivesdk
H14,COMPROVANTE 14,https://drive.google.com/file/d/1hINOqgeh5vfoxG52UQTz3YK23KEXbUsB/view?usp=drivesdk
J14,COMPROVANTE 33,https://drive.google.com/file/d/1kuh8ODcGFZKyPk7KIYKozLKWxigVt-Fz/view?usp=drive_link
F15,COMPROVANTE 3,https://drive.google.com/file/d/1fBb2fCZI4meK61z-iGpD-5vRKIPGsGz1/view?usp=drivesdk
H15,COMPROVANTE 15,https://drive.google.com/file/d/1aJg64fu0d2TYUwM_O9S6chczwTkohYbH/view?usp=drivesdk
J15,COMPROVANTE 34,https://drive.google.com/file/d/18xfJ5rPmQvJ2DGoefgJi4bexZc5t29dd/view?usp=drive_link
F16,COMPROVANTE 4,https://drive.google.com/file/d/1ieWLIWJosWJAn1waA5B2Lny_DEM0h5_N/view?usp=drivesdk
H16,COMPROVANTE 16,https://drive.google.com/file/d/13MwuYk4BJi_78Rcw6Mv7k4fH5kQRhaOr/view?usp=drivesdk
J16,COMPROVANTE 35,https://drive.google.com/file/d/1-vnEcP1GZyw7Tc3a0xWp24j56oiJ1mdK/view?usp=drive_link
F17,COMPROVANTE 5,https://drive.google.com/file/d/1jBEzkkDCiZktTguT8KgVmDE_kEhYT_Dn/view?usp=drivesdk
J18,COMPROVANTE 36,https://drive.google.com/file/d/1O60ytbSMWE2YS12D9e_nCK56OkzUglPV/view?usp=drive_link
H19,COMPROVANTE 17,https://drive.google.com/file/d/1Rgh4LhH6wzMWxAE0sber9i2JiLabozbi/view?usp=drivesdk
J19,COMPROVANTE 37,https://drive.google.com/file/d/1pDTpBrH4fKyIU4on6mSpvYlTmhaNBjbl/view?usp=drive_link
F20,COMPROVANTE 6,https://drive.google.com/file/d/1GDswXEXo_ztzOF2ti8eI1fEJVVo6oqnt/view?usp=drivesdk
H20,COMPROVANTE 18,https://drive.google.com/file/d/1Ly6wlbJJoy28AV2gDWSjfmtBj5UYKncf/view?usp=drivesdk
J20,COMPROVANTE 38,https://drive.google.com/file/d/1WZM_VPk9wqwfW4l4MWj-fOkbbt7zEm1l/view?usp=drive_link
J21,COMPROVANTE 39,https://drive.google.com/file/d/1x1AEevYWAEk6ONHNqHT8JfEC2vuPL_t-/view?usp=drivesdk
J22,COMPROVANTE 40,https://drive.google.com/file/d/1WP5nljXjYNdoFcktTAQxYiI5yBqfQMvc/view?usp=drivesdk
J23,COMPROVANTE 41,https://drive.google.com/file/d/1X9ZHGME9rUUq421E5gw1u6jE1Br1wx0H/view?usp=drive_link
J24,COMPROVANTE 42,https://drive.google.com/file/d/1f7Fk460nmX7b7p9n6W_zie4AC1RXudIV/view?usp=drivesdk
H25,COMPROVANTE 19,https://drive.google.com/file/d/1Vx--qIQO31LPNMCPl0jbrx9AV262obEK/view?usp=drivesdk
J26,COMPROVANTE 43,https://drive.google.com/file/d/10uS8on0b5E7b02FAfvr5VHjpSWYlbge3/view?usp=drivesdk
F27,COMPROVANTE 7,https://drive.google.com/file/d/1VqLa0oxC_A2T71OjE5UNjlChThkQvSKU/view?usp=drivesdk
H27,COMPROVANTE 20,https://drive.google.com/file/d/1U1EYgWCvtqSz3V7t4SAevOXYwv-ApL8O/view?usp=drivesdk
J27,COMPROVANTE 44,https://drive.google.com/file/d/19Y6TsMqZX-5C7s3XKGWfTusbi8Z_ld5E/view?usp=drivesdk
